{"cameraMode":{"drawMode":0,"name":"Shaded","section":"Shading Mode"},"sceneLighting":true,"audioPlay":false,"sceneViewState":{"m_AlwaysRefresh":true,"showFog":true,"showSkybox":true,"showFlares":true,"showImageEffects":true,"showParticleSystems":true,"showVisualEffectGraphs":true,"m_FxEnabled":true},"in2DMode":false,"pivot":{"x":20.344633102416993,"y":3.031615972518921,"z":7.222928047180176},"rotation":{"x":0.05499491095542908,"y":0.4545273780822754,"z":-0.02812880650162697,"w":0.8885993957519531},"size":11.193059921264649,"orthographic":false}