{"cameraMode":{"drawMode":0,"name":"Shaded","section":"Shading Mode"},"sceneLighting":false,"audioPlay":false,"sceneViewState":{"m_AlwaysRefresh":false,"showFog":true,"showSkybox":true,"showFlares":true,"showImageEffects":true,"showParticleSystems":true,"showVisualEffectGraphs":true,"m_FxEnabled":true},"in2DMode":false,"pivot":{"x":-0.8994030356407166,"y":-0.8527486324310303,"z":-0.11891781538724899},"rotation":{"x":-0.04652022570371628,"y":0.7106285691261292,"z":-0.047186993062496188,"w":-0.7004714012145996},"size":1.469057559967041,"orthographic":false}