{"cameraMode":{"drawMode":0,"name":"Shaded","section":"Shading Mode"},"sceneLighting":false,"audioPlay":false,"sceneViewState":{"m_AlwaysRefresh":true,"showFog":true,"showSkybox":true,"showFlares":true,"showImageEffects":true,"showParticleSystems":true,"showVisualEffectGraphs":true,"m_FxEnabled":true},"in2DMode":false,"pivot":{"x":-17.501476287841798,"y":-0.30031177401542666,"z":12.535317420959473},"rotation":{"x":-0.04814188927412033,"y":0.07842332124710083,"z":-0.0037969069089740516,"w":-0.9957587122917175},"size":3.4055826663970949,"orthographic":false}